{"cameraMode":{"drawMode":0,"name":"Shaded","section":"Shading Mode"},"sceneLighting":true,"audioPlay":false,"sceneViewState":{"showFog":true,"showMaterialUpdate":false,"showSkybox":true,"showFlares":true,"showImageEffects":true,"showParticleSystems":true},"in2DMode":false,"pivot":{"x":-13.272896766662598,"y":-23.793855667114259,"z":-27.70798110961914},"rotation":{"x":0.042667046189308169,"y":0.9435027837753296,"z":-0.2999529540538788,"w":0.1342114508152008},"size":47.576141357421878,"orthographic":false}